Movie_name,Genre,reviews
Peninsula,Thriller,Very good movie for youths and teenagers. That whom loves adventure movies.
Peninsula,Thriller,Very good direction and very good acting too. Nice movie to watch in a weekend.
Peninsula,Thriller,"not as sequel, good for individual watch"
Peninsula,Thriller,very good movie to watch
Come Play,Mystery,"I did not like Babadook, but this one is actually different. One time watch movie"
Come Play,Mystery,"I just watched this movie yesterday. This is an amazing movie. You can watch with your family. So, I gave 4.5 stars."
Come Play,Mystery,Great Movie
Come Play,Mystery,One time watch
Come Play,Mystery,Good Screenplay and direction. Story plot goes along.
The Secret: Dare To Dream,Romance,Best movie watched over covid. Good family film. Happy sad emotional. I absolutely loved it
The Secret: Dare To Dream,Romance,The main character is a grumpy stubborn old window who doesn‚Äôt use the teaching or techniques of the law of attraction but yet gets the perfect life.
The Secret: Dare To Dream,Romance,"I absolutely loved it ‚ù£It put a smile on my face , if your an avid secret fan like me by Rhonda Bryne."
The Secret: Dare To Dream,Romance,Good morning the story is good. The film has a good screenplay. All the actors were aptly selected and they have performed their role excellently...
The Secret: Dare To Dream,Romance,"Good Movie, Worth Watching it."
The War with grandpa,Comedy,Best comedy I've seen in a long time. Don't know what all the bad reviews are about.
The War with grandpa,Comedy,Enjoyed the subject matter and the fine acting by the female actors
The War with grandpa,Comedy,Great movie suggest you to see in theater
The War with grandpa,Comedy,Robert De Niro is a gifted artist. All his movies including this are amazing
The War with grandpa,Comedy,Interesting movie new concept
Parasite,Crime,It's a story about a bankrupt family who cleverly placed themselves in the house of a well-to-do businessman.
Parasite,Crime,"Perfectly showing the side of society, we ignore"
Parasite,Crime,One of the aweosme movie in long long time. Must watch for quality time spending
Parasite,Crime,"Love this movie!!the humour and the suspense,everything is so good ,a movie u can recommend to anyone"
Parasite,Crime,"The rollercoster of dark emotions
Perfect oscar deserving movie"
1917,Drama,"1917 is 1st World War story, is immersive to watch and movie sequence seems to be in continuous shot single take."
1917,Drama,Very nice movie awesome thanks so much for the movie
1917,Drama,makes the film an absolute viewing delight.
1917,Drama,Tips to you on your site for me as the best for a long shot in to get to you by
The Outpost,Action,Good historical movie about war between humanity.
The Outpost,Action,"This is a great movie. Indeed there are, but there are a couple of great things about it:"
The Outpost,Action,Like other war movies (some are boring)- here the location is Afganistan and we really enjoyed Taliban-American troops engagement
The Outpost,Action,The position of the outpost is brilliantly choose.
The Outpost,Action,Very good story plot. One of the best flims i've ever watched.
Little Woman,Romance ,Nice movie and drama movie review poster premiere
Little Woman,Romance ,they live in oblivion and their relationship grows and blossoms without being frowned upon.
Little Woman,Romance ,Super drama movie by women life.this movie going to rock.
Little Woman,Romance ,what a movie i like this movie thanks
Little Woman,Romance ,Excellent performance by the actors.
Birds of  prey,Crime,"It is just an ok movie , which shows lot of potential but slowly fades away since the directors seems not too sure what to do with other characters."
Birds of  prey,Crime,one of the best gangstaer movie of all time highly relatable to the joker movie nice acting with good dilogue delivery and nice plot.
Birds of  prey,Crime,"Super fun movie! Very violent (not for kiddies, sorry) but it was fun! Jokes were hilarious, some were in your face, others were subtle and easy to miss, very well done with showcasing Harley's trauma from her past in a subtle inobvious manner throughout the movie."
Birds of  prey,Crime,The movie is good to watch among with the animation creation and well presented
Birds of  prey,Crime,"Additionally, a young girl Cassandra (Ella Jay Basco) gets caught in the middle of Harley‚Äôs mayhem, along with Renee Montaya (Rosie Perez), Dinah Lance (Jurnee Smollett-Bell) and Helena Bertinelli (Mary Elizabeth Winstead)."
Jojo Rabbit,Drama ,nice movie with sure watch to understand the world
Jojo Rabbit,Drama ,I like the film because acting direction dialogue were very best
Jojo Rabbit,Drama ,The concept of a modern-day genie seated in a posh resort
Jojo Rabbit,Drama ,i like this movie. thanks to director for a nice creation. thanks
Jojo Rabbit,Drama ,movie plot could have been better but acting is really good kudos to scarlett johansson
The gentleman,Action,very good movie to watch
The gentleman,Action,"I did not like Babadook, but this one is actually different. One time watch movie"
The gentleman,Action,"I just watched this movie yesterday. This is an amazing movie. You can watch with your family. So, I gave 4.5 stars."
The gentleman,Action,Great Movie
The gentleman,Action,One time watch
The gentleman,Action,Good Screenplay and direction. Story plot goes along.
A Beautiful Day in the neighbourhood,Drama,"It is just an ok movie , which shows lot of potential but slowly fades away since the directors seems not too sure what to do with other characters."
A Beautiful Day in the neighbourhood,Drama,one of the best gangstaer movie of all time highly relatable to the joker movie nice acting with good dilogue delivery and nice plot.
A Beautiful Day in the neighbourhood,Drama,"Super fun movie! Very violent (not for kiddies, sorry) but it was fun! Jokes were hilarious, some were in your face, others were subtle and easy to miss, very well done with showcasing Harley's trauma from her past in a subtle inobvious manner throughout the movie."
A Beautiful Day in the neighbourhood,Drama,The movie is good to watch among with the animation creation and well presented
A Beautiful Day in the neighbourhood,Drama,"Additionally, a young girl Cassandra (Ella Jay Basco) gets caught in the middle of Harley‚Äôs mayhem, along with Renee Montaya (Rosie Perez), Dinah Lance (Jurnee Smollett-Bell) and Helena Bertinelli (Mary Elizabeth Winstead)."
A Beautiful Day in the neighbourhood,Drama,nice movie with sure watch to understand the world
trolls world tour,Comedy,Best comedy I've seen in a long time. Don't know what all the bad reviews are about.
trolls world tour,Comedy,Enjoyed the subject matter and the fine acting by the female actors
trolls world tour,Comedy,Great movie suggest you to see in theater
trolls world tour,Comedy,Robert De Niro is a gifted artist. All his movies including this are amazing
trolls world tour,Comedy,Interesting movie new concept
The Witches,Adventure,It's a story about a bankrupt family who cleverly placed themselves in the house of a well-to-do businessman.
The Witches,Adventure,"I did not like Babadook, but this one is actually different. One time watch movie"
The Witches,Adventure,"I just watched this movie yesterday. This is an amazing movie. You can watch with your family. So, I gave 4.5 stars."
The Witches,Adventure,Great Movie
The Witches,Adventure,One time watch
Never Steal A man's second chance,Action,Good Screenplay and direction. Story plot goes along.
Never Steal A man's second chance,Action,"It is just an ok movie , which shows lot of potential but slowly fades away since the directors seems not too sure what to do with other characters."
Never Steal A man's second chance,Action,"Super fun movie! Very violent (not for kiddies, sorry) but it was fun! Jokes were hilarious, some were in your face, others were subtle and easy to miss, very well done with showcasing Harley's trauma from her past in a subtle inobvious manner throughout the movie."
Never Steal A man's second chance,Action,The movie is good to watch among with the animation creation and well presented
Never Steal A man's second chance,Action,"Additionally, a young girl Cassandra (Ella Jay Basco) gets caught in the middle of Harley‚Äôs mayhem, along with Renee Montaya (Rosie Perez), Dinah Lance (Jurnee Smollett-Bell) and Helena Bertinelli (Mary Elizabeth Winstead)."
Greenland,Thriller,nice movie with sure watch to understand the world
Greenland,Thriller,Very good movie for youths and teenagers. That whom loves adventure movies.
Greenland,Thriller,Very good direction and very good acting too. Nice movie to watch in a weekend.
Greenland,Thriller,"not as sequel, good for individual watch"
Greenland,Thriller,very good movie to watch
Antebellum,Horror,"I did not like Babadook, but this one is actually different. One time watch movie"
Antebellum,Horror,"I just watched this movie yesterday. This is an amazing movie. You can watch with your family. So, I gave 4.5 stars."
Antebellum,Horror,Great Movie
Antebellum,Horror,One time watch
Antebellum,Horror,Good Screenplay and direction. Story plot goes along.
A secret : Dare to dream,Romance,Best movie watched over covid. Good family film. Happy sad emotional. I absolutely loved it
A secret : Dare to dream,Romance,The main character is a grumpy stubborn old window who doesn‚Äôt use the teaching or techniques of the law of attraction but yet gets the perfect life.
A secret : Dare to dream,Romance,"I absolutely loved it ‚ù£It put a smile on my face , if your an avid secret fan like me by Rhonda Bryne."
A secret : Dare to dream,Romance,Good morning the story is good. The film has a good screenplay. All the actors were aptly selected and they have performed their role excellently...
A secret : Dare to dream,Romance,"Good Movie, Worth Watching it."
The Silencing,Crime,Best comedy I've seen in a long time. Don't know what all the bad reviews are about.
The Silencing,Crime,Enjoyed the subject matter and the fine acting by the female actors
The Silencing,Crime,Great movie suggest you to see in theater
The Silencing,Crime,Robert De Niro is a gifted artist. All his movies including this are amazing
The Silencing,Crime,Interesting movie new concept
Relic,Drama,It's a story about a bankrupt family who cleverly placed themselves in the house of a well-to-do businessman.
Relic,Drama,"Perfectly showing the side of society, we ignore"
Relic,Drama,One of the aweosme movie in long long time. Must watch for quality time spending
Relic,Drama,"Love this movie!!the humour and the suspense,everything is so good ,a movie u can recommend to anyone"
Relic,Drama,"The rollercoster of dark emotions
Perfect oscar deserving movie"
BloodShot,Sci-Fi,"1917 is 1st World War story, is immersive to watch and movie sequence seems to be in continuous shot single take."
BloodShot,Sci-Fi,Very nice movie awesome thanks so much for the movie
BloodShot,Sci-Fi,makes the film an absolute viewing delight.
BloodShot,Sci-Fi,Tips to you on your site for me as the best for a long shot in to get to you by
BloodShot,Sci-Fi,Good historical movie about war between humanity.
Sonic the Hedgehog,Adventure,"This is a great movie. Indeed there are, but there are a couple of great things about it:"
Sonic the Hedgehog,Adventure,Like other war movies (some are boring)- here the location is Afganistan and we really enjoyed Taliban-American troops engagement
Sonic the Hedgehog,Adventure,The position of the outpost is brilliantly choose.
Sonic the Hedgehog,adventure,Very good story plot. One of the best flims i've ever watched.
Sonic the Hedgehog,adventure,Nice movie and drama movie review poster premiere
Bad Boys for life,Action,Very good movie for youths and teenagers. That whom loves adventure movies.
Bad Boys for life,Action,Very good direction and very good acting too. Nice movie to watch in a weekend.
Bad Boys for life,Action,"not as sequel, good for individual watch"
Bad Boys for life,Action,very good movie to watch
Bad Boys for life,Action,"I did not like Babadook, but this one is actually different. One time watch movie"
The Lasr Full measure,war,"I just watched this movie yesterday. This is an amazing movie. You can watch with your family. So, I gave 4.5 stars."
The Lasr Full measure,war,Great Movie
The Lasr Full measure,war,One time watch
The Lasr Full measure,war,Good Screenplay and direction. Story plot goes along.
The Lasr Full measure,war,Best movie watched over covid. Good family film. Happy sad emotional. I absolutely loved it
Just Mercy,Drama,The main character is a grumpy stubborn old window who doesn‚Äôt use the teaching or techniques of the law of attraction but yet gets the perfect life.
Just Mercy,Drama,"I absolutely loved it ‚ù£It put a smile on my face , if your an avid secret fan like me by Rhonda Bryne."
Just Mercy,Drama,Good morning the story is good. The film has a good screenplay. All the actors were aptly selected and they have performed their role excellently...
Just Mercy,Drama,"Good Movie, Worth Watching it."
Just Mercy,Drama,Best comedy I've seen in a long time. Don't know what all the bad reviews are about.
Dolittle,Comedy,Enjoyed the subject matter and the fine acting by the female actors
Dolittle,Comedy,Great movie suggest you to see in theater
Dolittle,Comedy,Robert De Niro is a gifted artist. All his movies including this are amazing
Dolittle,Comedy,Interesting movie new concept
Dolittle,Comedy,It's a story about a bankrupt family who cleverly placed themselves in the house of a well-to-do businessman.
Bombshell,Biography,"Perfectly showing the side of society, we ignore"
Bombshell,Biography,One of the aweosme movie in long long time. Must watch for quality time spending
Bombshell,Biography,"Love this movie!!the humour and the suspense,everything is so good ,a movie u can recommend to anyone"
Bombshell,Biography,"The rollercoster of dark emotions
Perfect oscar deserving movie"
Bombshell,Biography,"1917 is 1st World War story, is immersive to watch and movie sequence seems to be in continuous shot single take."
The Lost city,Romance,Very nice movie awesome thanks so much for the movie
The Lost city,Romance,makes the film an absolute viewing delight.
The Lost city,Romance,Tips to you on your site for me as the best for a long shot in to get to you by
The Lost city,Romance,Good historical movie about war between humanity.
The Lost city,Romance,"This is a great movie. Indeed there are, but there are a couple of great things about it:"
Life is  Beautiful,comedy,Like other war movies (some are boring)- here the location is Afganistan and we really enjoyed Taliban-American troops engagement
Life is  Beautiful,comedy,The position of the outpost is brilliantly choose.
Life is  Beautiful,comedy,Very good story plot. One of the best flims i've ever watched.
Life is  Beautiful,comedy,Nice movie and drama movie review poster premiere
Life is  Beautiful,comedy,Very good movie for youths and teenagers. That whom loves adventure movies.
Life is  Beautiful,comedy,Very good direction and very good acting too. Nice movie to watch in a weekend.
Good will Hunting,Drama,"not as sequel, good for individual watch"
Good will Hunting,Drama,very good movie to watch
Good will Hunting,Drama,"I did not like Babadook, but this one is actually different. One time watch movie"
Good will Hunting,Drama,"I just watched this movie yesterday. This is an amazing movie. You can watch with your family. So, I gave 4.5 stars."
Good will Hunting,Drama,Great Movie
The Shawshank redemption,Drama,One time watch
The Shawshank redemption,Drama,Good Screenplay and direction. Story plot goes along.
The Shawshank redemption,Drama,Best movie watched over covid. Good family film. Happy sad emotional. I absolutely loved it
The Shawshank redemption,Drama,The main character is a grumpy stubborn old window who doesn‚Äôt use the teaching or techniques of the law of attraction but yet gets the perfect life.
The Shawshank redemption,Drama,"I absolutely loved it ‚ù£It put a smile on my face , if your an avid secret fan like me by Rhonda Bryne."
Angry men,Crime,Good morning the story is good. The film has a good screenplay. All the actors were aptly selected and they have performed their role excellently...
Angry men,Crime,"Good Movie, Worth Watching it."
Angry men,Crime,Best comedy I've seen in a long time. Don't know what all the bad reviews are about.
angry men,Crime,Enjoyed the subject matter and the fine acting by the female actors
angry men,Crime,Great movie suggest you to see in theater
The Dark Knight,Action,Robert De Niro is a gifted artist. All his movies including this are amazing
The Dark Knight,Action,Interesting movie new concept
The Dark Knight,Action,It's a story about a bankrupt family who cleverly placed themselves in the house of a well-to-do businessman.
The Dark Knight,Action,"Perfectly showing the side of society, we ignore"
The Dark Knight,Action,One of the aweosme movie in long long time. Must watch for quality time spending
The Matrix,Sci-Fi,"Love this movie!!the humour and the suspense,everything is so good ,a movie u can recommend to anyone"
The Matrix,Sci-Fi,"The rollercoster of dark emotions
Perfect oscar deserving movie"
The Matrix,Sci-Fi,"1917 is 1st World War story, is immersive to watch and movie sequence seems to be in continuous shot single take."
The Matrix,Sci-Fi,Very nice movie awesome thanks so much for the movie
The Matrix,Sci-Fi,makes the film an absolute viewing delight.
Forest Gump,Romance,Tips to you on your site for me as the best for a long shot in to get to you by
Forest Gump,Romance,Good historical movie about war between humanity.
Forest Gump,Romance,"This is a great movie. Indeed there are, but there are a couple of great things about it:"
Forest Gump,Romance,Like other war movies (some are boring)- here the location is Afganistan and we really enjoyed Taliban-American troops engagement
Forest Gump,Romance,The position of the outpost is brilliantly choose.
America Beauty,Drama,Very good story plot. One of the best flims i've ever watched.
America Beauty,Drama,Nice movie and drama movie review poster premiere
America Beauty,Drama,Very good movie for youths and teenagers. That whom loves adventure movies.
America Beauty,Drama,Very good direction and very good acting too. Nice movie to watch in a weekend.
America Beauty,Drama,"not as sequel, good for individual watch"
The Godfather,Crime,very good movie to watch
The Godfather,Crime,"I did not like Babadook, but this one is actually different. One time watch movie"
The Godfather,Crime,"I just watched this movie yesterday. This is an amazing movie. You can watch with your family. So, I gave 4.5 stars."
The Godfather,Crime,Great Movie
The Godfather,Crime,One time watch
the Departed,Thriller,Good Screenplay and direction. Story plot goes along.
the Departed,Thriller,Best movie watched over covid. Good family film. Happy sad emotional. I absolutely loved it
the Departed,Thriller,The main character is a grumpy stubborn old window who doesn‚Äôt use the teaching or techniques of the law of attraction but yet gets the perfect life.
the Departed,Thriller,"I absolutely loved it ‚ù£It put a smile on my face , if your an avid secret fan like me by Rhonda Bryne."
the Departed,Thriller,Good morning the story is good. The film has a good screenplay. All the actors were aptly selected and they have performed their role excellently...
The Prestige,Mystery,"Good Movie, Worth Watching it."
The Prestige,Mystery,Best comedy I've seen in a long time. Don't know what all the bad reviews are about.
The Prestige,Mystery,Enjoyed the subject matter and the fine acting by the female actors
The Prestige,Mystery,Great movie suggest you to see in theater
The Prestige,Mystery,Robert De Niro is a gifted artist. All his movies including this are amazing
Gladiator,adventure,Interesting movie new concept
Gladiator,adventure,It's a story about a bankrupt family who cleverly placed themselves in the house of a well-to-do businessman.
Gladiator,adventure,"Perfectly showing the side of society, we ignore"
Gladiator,adventure,One of the aweosme movie in long long time. Must watch for quality time spending
Gladiator,adventure,"Love this movie!!the humour and the suspense,everything is so good ,a movie u can recommend to anyone"
Inglourious Basterds,war,"The rollercoster of dark emotions
Perfect oscar deserving movie"
Inglourious Basterds,war,"1917 is 1st World War story, is immersive to watch and movie sequence seems to be in continuous shot single take."
Inglourious Basterds,war,Very nice movie awesome thanks so much for the movie
Inglourious Basterds,war,makes the film an absolute viewing delight.
Inglourious Basterds,war,Tips to you on your site for me as the best for a long shot in to get to you by
Million Dollar baby,Sport,Good historical movie about war between humanity.
Million Dollar baby,Sport,"This is a great movie. Indeed there are, but there are a couple of great things about it:"
Million Dollar baby,Sport,Like other war movies (some are boring)- here the location is Afganistan and we really enjoyed Taliban-American troops engagement
Million Dollar baby,Sport,The position of the outpost is brilliantly choose.
Million Dollar baby,Sport,Very good story plot. One of the best flims i've ever watched.
The Aviator,Biography,Nice movie and drama movie review poster premiere
The Aviator,Biography,Very good movie for youths and teenagers. That whom loves adventure movies.
The Aviator,Biography,Very good direction and very good acting too. Nice movie to watch in a weekend.
The Aviator,Biography,"not as sequel, good for individual watch"
The Aviator,Biography,very good movie to watch
Avatar,Fantasy,"I did not like Babadook, but this one is actually different. One time watch movie"
Avatar,Fantasy,"I just watched this movie yesterday. This is an amazing movie. You can watch with your family. So, I gave 4.5 stars."
Avatar,Fantasy,Great Movie
Avatar,Fantasy,One time watch
Avatar,Fantasy,Good Screenplay and direction. Story plot goes along.
Big Fish,Fantasy,Best movie watched over covid. Good family film. Happy sad emotional. I absolutely loved it
Big Fish,Fantasy,The main character is a grumpy stubborn old window who doesn‚Äôt use the teaching or techniques of the law of attraction but yet gets the perfect life.
Big Fish,Fantasy,"I absolutely loved it ‚ù£It put a smile on my face , if your an avid secret fan like me by Rhonda Bryne."
Big Fish,Fantasy,Good morning the story is good. The film has a good screenplay. All the actors were aptly selected and they have performed their role excellently...
Big Fish,Fantasy,"Good Movie, Worth Watching it."
Big Fish,Fantasy,Best comedy I've seen in a long time. Don't know what all the bad reviews are about.
Big Fish,Fantasy,Enjoyed the subject matter and the fine acting by the female actors
Big Fish,Fantasy,Great movie suggest you to see in theater
Meet Joe Black,Romance,Robert De Niro is a gifted artist. All his movies including this are amazing
Meet Joe Black,Romance,Interesting movie new concept
Meet Joe Black,Romance,It's a story about a bankrupt family who cleverly placed themselves in the house of a well-to-do businessman.
Meet Joe Black,Romance,"Perfectly showing the side of society, we ignore"
Meet Joe Black,Romance,One of the aweosme movie in long long time. Must watch for quality time spending
The Town,Thriller,"Love this movie!!the humour and the suspense,everything is so good ,a movie u can recommend to anyone"
The Town,Thriller,"The rollercoster of dark emotions
Perfect oscar deserving movie"
The Town,Thriller,"1917 is 1st World War story, is immersive to watch and movie sequence seems to be in continuous shot single take."
The Town,Thriller,Very nice movie awesome thanks so much for the movie
The Town,Thriller,makes the film an absolute viewing delight.
Schndler's List,History,Tips to you on your site for me as the best for a long shot in to get to you by
Schndler's List,History,Good historical movie about war between humanity.
Schndler's List,History,"This is a great movie. Indeed there are, but there are a couple of great things about it:"
Schndler's List,History,Like other war movies (some are boring)- here the location is Afganistan and we really enjoyed Taliban-American troops engagement
Schndler's List,History,The position of the outpost is brilliantly choose.
Titanic,Drama,Very good story plot. One of the best flims i've ever watched.
Titanic,Drama,Nice movie and drama movie review poster premiere
Titanic,Drama,Very good movie for youths and teenagers. That whom loves adventure movies.
Titanic,Drama,Very good direction and very good acting too. Nice movie to watch in a weekend.
Titanic,Drama,"not as sequel, good for individual watch"
spy game,Crime,very good movie to watch
spy game,Crime,"I did not like Babadook, but this one is actually different. One time watch movie"
spy game,Crime,"I just watched this movie yesterday. This is an amazing movie. You can watch with your family. So, I gave 4.5 stars."
spy game,Crime,Great Movie
spy game,Crime,One time watch
psycho,Mystery,Good Screenplay and direction. Story plot goes along.
psycho,Mystery,Best movie watched over covid. Good family film. Happy sad emotional. I absolutely loved it
psycho,Mystery,The main character is a grumpy stubborn old window who doesn‚Äôt use the teaching or techniques of the law of attraction but yet gets the perfect life.
psycho,Mystery,"I absolutely loved it ‚ù£It put a smile on my face , if your an avid secret fan like me by Rhonda Bryne."
psycho,Mystery,Good morning the story is good. The film has a good screenplay. All the actors were aptly selected and they have performed their role excellently...
pay check,Sci-Fi,"Good Movie, Worth Watching it."
pay check,Sci-Fi,Best comedy I've seen in a long time. Don't know what all the bad reviews are about.
pay check,Sci-Fi,Enjoyed the subject matter and the fine acting by the female actors
pay check,Sci-Fi,Great movie suggest you to see in theater
pay check,Sci-Fi,Robert De Niro is a gifted artist. All his movies including this are amazing
Mission impossible II,Action,Interesting movie new concept
Mission impossible II,Action,It's a story about a bankrupt family who cleverly placed themselves in the house of a well-to-do businessman.
Mission impossible II,Action,"Perfectly showing the side of society, we ignore"
Mission impossible II,Action,One of the aweosme movie in long long time. Must watch for quality time spending
Mission impossible II,Action,loved it
Pay it forward,Drama,"The rollercoster of dark emotions
Perfect oscar deserving movie"
Pay it forward,Drama,"1917 is 1st World War story, is immersive to watch and movie sequence seems to be in continuous shot single take."
Pay it forward,Drama,Very nice movie awesome thanks so much for the movie
Pay it forward,Drama,makes the film an absolute viewing delight.
Pay it forward,Drama,Tips to you on your site for me as the best for a long shot in to get to you by
Invictus,History,Good historical movie about war between humanity.
Invictus,History,"This is a great movie. Indeed there are, but there are a couple of great things about it:"
Invictus,History,Like other war movies (some are boring)- here the location is Afganistan and we really enjoyed Taliban-American troops engagement
Invictus,History,The position of the outpost is brilliantly choose.
Invictus,History,Very good story plot. One of the best flims i've ever watched.
Se7ev,Crime,Nice movie and drama movie review poster premiere
Se7ev,Crime,Very good movie for youths and teenagers. That whom loves adventure movies.
Se7ev,Crime,Very good direction and very good acting too. Nice movie to watch in a weekend.
Se7ev,Crime,"not as sequel, good for individual watch"
Se7ev,Crime,very good movie to watch
Saving private Ryan,Drama,"I did not like Babadook, but this one is actually different. One time watch movie"
Cast Away,adventure,"I just watched this movie yesterday. This is an amazing movie. You can watch with your family. So, I gave 4.5 stars."
Cast Away,adventure,Great Movie
Cast Away,adventure,One time watch
Cast Away,adventure,Good Screenplay and direction. Story plot goes along.
the last summer,action,Best movie watched over covid. Good family film. Happy sad emotional. I absolutely loved it
the last summer,action,The main character is a grumpy stubborn old window who doesn‚Äôt use the teaching or techniques of the law of attraction but yet gets the perfect life.
the last summer,action,"I absolutely loved it ‚ù£It put a smile on my face , if your an avid secret fan like me by Rhonda Bryne."
the last summer,action,Good morning the story is good. The film has a good screenplay. All the actors were aptly selected and they have performed their role excellently...
the last summer,action,"Good Movie, Worth Watching it."
Munich,Drama,Best comedy I've seen in a long time. Don't know what all the bad reviews are about.
Munich,Drama,Enjoyed the subject matter and the fine acting by the female actors
Munich,Drama,Great movie suggest you to see in theater
Munich,Drama,Robert De Niro is a gifted artist. All his movies including this are amazing
Munich,Drama,Interesting movie new concept
The longest yard,Comedy,It's a story about a bankrupt family who cleverly placed themselves in the house of a well-to-do businessman.
The longest yard,Comedy,"Perfectly showing the side of society, we ignore"
The longest yard,Comedy,One of the aweosme movie in long long time. Must watch for quality time spending
The longest yard,Comedy,"Love this movie!!the humour and the suspense,everything is so good ,a movie u can recommend to anyone"
The longest yard,Comedy,"The rollercoster of dark emotions
Perfect oscar deserving movie"
Bruce Almighty,Fantasy,"1917 is 1st World War story, is immersive to watch and movie sequence seems to be in continuous shot single take."
Bruce Almighty,Fantasy,Very nice movie awesome thanks so much for the movie
Bruce Almighty,Fantasy,makes the film an absolute viewing delight.
Bruce Almighty,Fantasy,Tips to you on your site for me as the best for a long shot in to get to you by
Bruce Almighty,Fantasy,Good historical movie about war between humanity.
Inception,Comedy,"This is a great movie. Indeed there are, but there are a couple of great things about it:"
Inception,Comedy,Like other war movies (some are boring)- here the location is Afganistan and we really enjoyed Taliban-American troops engagement
Inception,Comedy,The position of the outpost is brilliantly choose.
Inception,Comedy,Very good story plot. One of the best flims i've ever watched.
Inception,Comedy,Nice movie and drama movie review poster premiere
Sir,Drama,This movie was actually good and I like the movie. I recommended You to watch this movie because this movie is actually very good people also like it I am sure that your very happy after watching this movie...
Sir,Drama,Sounds interesting. Shall look for this movie.
Sir,Drama,"Its actually amazing based on the fact the stereotypical prejudice and divided of society against the person with which you can actually find that one connection or understanding. Nuanced performances from actors! While Tillottama is already established and known for her performances, where was Vivek hiding all this while??.."
Sir,Drama,"It‚Äôs so thought provoking. The romance, subtle emotions, story with super acting & direction is just staying with me for days after seeing it. Will see again ..."
Sir,Drama,Nice
Chhalaang,Comedy,Good movie on sports youngsters watch it.
Chhalaang,Comedy,Good Timepass Movie on OTT
Chhalaang,Comedy,"Childish movie..... couldn't understand the purpose of this movie????... flawed acting by RK Rao and same ""stereo"" type acting by Nushrat... Nice to see Satsih Kaushik and Saurabh Shukhla......."
Chhalaang,Comedy,Very nice movie. Rajkumar Rao is as usual endearing. Good direction by Hansal Mehta.
Chhalaang,Comedy,"Nice movie, Acting of rajkumar is at best but the story writing is not that good"
Suraj pe Mangal Bhari,Family,This movie was good you should watch this movie but sometime this movie disappoint you so it's your choice
Suraj pe Mangal Bhari,Family,What kind of movie is this? Complete trash.
Suraj pe Mangal Bhari,Family,"Despite everything good, this movie misses something"
Suraj pe Mangal Bhari,Family,Best entertaining movie after this lockdown manoj sir and diljit are killer in this role
Suraj pe Mangal Bhari,Family,Don't like rubbish Bollywood.....
Ludo,Comedy,"Outstanding movie once again delivered by Anurag Basu. Full time watchable excellent story, screen play, direction, every thing. Fabulous...."
Ludo,Comedy,Worst movie. Nobody should watch. Mental torture.
Ludo,Comedy,Why this movie was even planned and made???? Can I have the refund of my $$$ after watching this movie? Highly boring and aimless movie... Koi toh roko
Ludo,Comedy,Average But Plot is weak
Ludo,Comedy,A great watch .. dark comedy .. great direction
Laxmii,Horror,"This movie was based on the life of a transgender, which was played by Akshay Kumar. The energy, time and money used to make this movie has wasted by giving such a sittish film over this time..."
Laxmii,Horror,Complete failure
Laxmii,Horror,A hopeless movie in the end which initially looked promising rather than removing superstition and fear of ghosts
Laxmii,Horror,Very sad to laxmi movie and team making fun of Hindu religion In Hindi movie they show Hindu as bad religion or followers are bad persons They need to change thinking ...
Laxmii,Horror,unwanted politics director should have restricted only to movie it can be a good one
Khaali peeli,Romance,If there was 0 star I would have given that
Khaali peeli,Romance,Waste of time and money
Khaali peeli,Romance,Time pass movie.... Can see once.
Khaali peeli,Romance,you guys are so bankrupt that you cannot even come up with title for any film.
Khaali peeli,Romance,best movie on bollywood
Sadak 2,Drama,Trash movie....Don't watch anyone
Sadak 2,Drama,The worst movie I have ever seen in my life
Sadak 2,Drama,Average
Sadak 2,Drama,story of the movie is very good all the acter and actress performed very well
Sadak 2,Drama,I like watching this movie
Khuda Haafiz,Action,Viduyt acting good btw movie is same
Khuda Haafiz,Action,super movie
Khuda Haafiz,Action,Vidyut and Anny Kapoor acting was great. Its not the best movie but better than some dumbo movies like yarra and like of tiger shroff
Khuda Haafiz,Action,"Vidyut Jammwal excels in his role of a estranged husband. This movie offers him scope to have an emotional angle and he does supremely well. He has got great screen presence. Shivaleeka was apt for her small role. The cinematography is good, and the background score as well. The first half moves at a terrific pace, the pace drops a bit in the 2nd half. Overall the film deserves your time and everyone in the film deserve appreciation...."
Khuda Haafiz,Action,"don't listen to critics, it is really a good movie."
Gunjan Saxena: The Kargil Girl,Biopic,Direction and screenplay is good
Gunjan Saxena: The Kargil Girl,Biopic,Outstanding show from jahnvi as gunjan in movie
Gunjan Saxena: The Kargil Girl,Biopic,"Life stories of Succesful people are always inspiring but when it comes to movie there is a lot more than that. Facts are incorrect if you go through articles and the information available online. Apart from that there was something missing.Can't put a finger on it whether it was the acting of the protagonist or the script and dialogues. The fire, the inspiration you get was not up to the mark...."
Gunjan Saxena: The Kargil Girl,Biopic,I rated one star how come it is showing 4 stars. This is a trash movie.
Gunjan Saxena: The Kargil Girl,Biopic,Worst acting by Jhanvi Kapoor....
Lootcase,Comedy,"I loved this movie to watch. In this movie, I loved Rasika Dugal romance. And so this movie has some action sequences."
Lootcase,Comedy,"In an era where comedy shows and open mic stands take over the entire comedy genre, this film takes a spot for itself. Definitely a sleeper hit! Comic timings are worth mentioning...."
Lootcase,Comedy,Very comedy movie
Lootcase,Comedy,Fun watching it
Lootcase,Comedy,loved the movie. very realistic portrayal of a common man. AMazing concept. Vijay Raaz was very funny.
Raat Akeli hai,Crime,"Nawajuddin, Radhika is really good actor and the suspense of the story and its editing is superb- making it a must watch."
Raat Akeli hai,Crime,"excellent movie , outstanding performances"
Raat Akeli hai,Crime,Good movie Good work by Nawaz and Radhika
Raat Akeli hai,Crime,This movie is totally worst but because of the actor this is having this much rating.
Raat Akeli hai,Crime,"Armed with a slow burn gradual buildup, nowhere does the film digresses from the topic at hand. However, the climax feels relatively sudden and convenient. Characters involved don‚Äôt have enough substance for you to feel invested in them or their hidden motives. A better character sketch, tightly woven screenplay would have made this film far more engaging. Your desire to know the truth forms the crux of crime mysteries.Here, you want to nab the culprit but the chain of events that comprise the investigation don‚Äôt keep you on the edge of your seat."
Raat Akeli hai,Crime,Nice movie with good message....
Shakuntala Devi,Biopic,New song love status SHOLO Music savra Lal keer
Shakuntala Devi,Biopic,Movie is good...but has got too much family drama.
Shakuntala Devi,Biopic,"This movie very beautifully answers this dilemma with the climax ! Also the Comic timing , the humor , the jolly light moments leave us with more cravings for her!"
Shakuntala Devi,Biopic,"Only saving grace of this movie is Vidya Balan's performance & also Jishu Sengupta as the Husband. Otherwise, very slow movie."
Shakuntala Devi,Biopic,Ok.not upto mark.
Dil Bechara,Romance,Really a good movie. I wish i could watch some more of SSR üò©
Dil Bechara,Romance,"No words, thank you for wonderful movie and music.."
Dil Bechara,Romance,Best movie ever. Sushant acting skills was superb
Dil Bechara,Romance,super movie he is a very good actor and movie also good
Dil Bechara,Romance,One of the best bollywood movie and a true masterpiece
Virgin Bhanupriya,Comedy,Not at all a good one
Virgin Bhanupriya,Comedy,Urvashi Rautela on how her new film differs from 'Pad M.. good movie i have
Virgin Bhanupriya,Comedy,"A trash ... better to stop making this type of movie and not to be watched once also.. shame on director, producer & actor."
Virgin Bhanupriya,Comedy,boring...
Virgin Bhanupriya,Comedy,Average
Gulabo sitabo,Drama,Average story. Not so good acting. Music and story line was not good. Could not understand movie at all.
Gulabo sitabo,Drama,best movie ever
Gulabo sitabo,Drama,this movie is mostly drama movie and it have 1 percent comedy
Gulabo sitabo,Drama,Not so good.. one time watch.. story is boring
Gulabo sitabo,Drama,"Amazing movie,must watch movie and ayushman khurana is awesome his acting is splendid."
Gulabo sitabo,Drama,Good thoughts
Angrezi Medium,Drama,A nice and entertaining movie
Angrezi Medium,Drama,Very Good
Angrezi Medium,Drama,It's really a nice movie
Angrezi Medium,Drama,Average time pass movie. One can go to cienma by forgetting all their life problems and then watch the movie
Angrezi Medium,Drama,Wonderful movie without the histrionics and song and dance routines
Baaghi 3,Action,Good action movie. Story match from South Indian movie
Baaghi 3,Action,Fantastic movie. Well done Tiger.
Baaghi 3,Action,Not up to the mark.
Baaghi 3,Action,Waste full movie to watch
Baaghi 3,Action,not bad. not good one time watch .
Rizwan,Drama,Could have been a bit more interesting
Rizwan,Drama,It's a waste of time & money.
Rizwan,Drama,"spends the entire first half charting it. But both his fall and his rise from it happen in a matter of a single cut. The older films at least had a song to show such transformations, but we get nothing of that sort here, leading to plausibility issues"
Rizwan,Drama,Average Movie
Thappad,Drama,bad movie
Thappad,Drama,Awesome Movie
Thappad,Drama,Most boring movie ever made
Thappad,Drama,movie is perfect
Thappad,Drama,"Its an ok movie. Creating an unnecessary dramatic situation and making a movie out of it is not required. The makers of this movie wanted to cash in on a very sensitive subject , where not many would critize the movie. Honestly it was a very unwanted movie, wherein is one gender is shown in a bad light to make other gender look better...."
Bhoot,Horror,Best action of Vicky kausal
Bhoot,Horror,Movies has good storyline...it is an one time watch movie...
Bhoot,Horror,Great horror story. Different from other horror movies. Nice acting.
Bhoot,Horror,Different from normal horror stories of bollywood this experiment really appreciating and eagerly wanting second part
Bhoot,Horror,may be considered as gud b coz of Gud star cast
